8.881797397919690695e-01,-7.324358944340629840e+00,1.074598212603702224e-01,3.327494459504589486e+01,-2.878508195948308312e+01
8.984862382505068856e-01,-7.286690853700340753e+00,6.438040211873223562e-02,3.340018099092456794e+01,-2.811865222461813119e+01
9.017872289268196173e-01,-7.244751018055985092e+00,-9.316541030594949202e-02,3.354973064455072773e+01,-2.745744578189776064e+01
8.894548203548758858e-01,-7.210968713305269340e+00,-1.613768252463402553e-01,3.365316143550609951e+01,-2.678179469201679552e+01
8.826445938136531222e-01,-7.177049620478722858e+00,-2.292541144580713952e-01,3.375338810973643433e+01,-2.611181828497664625e+01
8.868928830208032688e-01,-7.145537206617201598e+00,-8.076276387589428896e-02,3.378608621923405053e+01,-2.543744469188281698e+01
8.770716932924975673e-01,-7.114141673349956285e+00,5.132874237534431477e-02,3.382927167882235864e+01,-2.475678976866126035e+01
8.845115981172272379e-01,-7.076516862576713862e+00,9.253752738249183818e-02,3.389480146871720478e+01,-2.407005917171686349e+01
8.825271649688610776e-01,-7.044946235634154341e+00,1.407081316481020028e-01,3.396557247130007795e+01,-2.339987409474339586e+01
8.893954597051791922e-01,-7.005127723106691739e+00,1.120026678014280908e-01,3.405583566797047723e+01,-2.272461546218829653e+01
8.975596568873437375e-01,-6.967332499601833540e+00,7.760426533613745681e-02,3.415054518521102978e+01,-2.205107437318059738e+01
8.892374463431942377e-01,-6.916999694546878352e+00,-4.228635640873429358e-02,3.425610225330176206e+01,-2.137378992610728190e+01
8.914628197926124376e-01,-6.884126878413444395e+00,8.420295990141905829e-02,3.428112867677743480e+01,-2.069476372697270961e+01
8.852077622569739512e-01,-6.836672758038348618e+00,2.054701285583189763e-01,3.430870436400498136e+01,-2.000140585110612790e+01
8.935854400701768174e-01,-6.791966947482424466e+00,2.384108808184203787e-01,3.436214103878658221e+01,-1.932266279315895829e+01
9.018440015225275275e-01,-6.747214643974294823e+00,2.728346493263513195e-01,3.442101563150437471e+01,-1.864440594733359191e+01
8.966118761828631989e-01,-6.696365102121651702e+00,1.359503964389671971e-01,3.451344072601773405e+01,-1.795229580322938645e+01
8.988323193191807281e-01,-6.639950777377684688e+00,4.369634949788065749e-03,3.460008945326276830e+01,-1.725232657983318774e+01
8.965019535869320766e-01,-6.587142763312692217e+00,2.954743367945663474e-02,3.463849275697953800e+01,-1.655985020392138907e+01
8.934128474072320358e-01,-6.535480571296136354e+00,4.395188082942505514e-02,3.468664540970605970e+01,-1.587543404608626219e+01
8.951262847431078473e-01,-6.489731288359846140e+00,9.246975555423345150e-02,3.470921144363674671e+01,-1.518123420507057730e+01
8.991099693761406275e-01,-6.437845627767867285e+00,1.371905046376505344e-01,3.472917262820109841e+01,-1.449356994403197341e+01
9.015669635498573253e-01,-6.385290559373617114e+00,1.030262430659739520e-01,3.477993698402726608e+01,-1.380109798364213169e+01
9.115151805091660231e-01,-6.342834118509499852e+00,5.291477089173779458e-02,3.483444856711259519e+01,-1.311362251089840925e+01
9.101433956462819941e-01,-6.287905512277739639e+00,-4.869537847228699867e-02,3.490603450934928986e+01,-1.241233356929959797e+01
9.077781698656249842e-01,-6.240721641627362537e+00,-1.440263549975123458e-01,3.496461621661026697e+01,-1.172293971307563965e+01
9.130974282547793530e-01,-6.189031834663374809e+00,-1.290682834126943013e-01,3.497965985252504595e+01,-1.102137768118153538e+01
9.136509306242992512e-01,-6.134055120196102884e+00,-1.019570287662762975e-01,3.500136004354317265e+01,-1.032057546388619684e+01
9.090608218493189119e-01,-6.069450292288442128e+00,-1.574865727017410455e-01,3.502858037545672687e+01,-9.629435063364370606e+00
9.150419710808816998e-01,-6.010831925619657845e+00,-2.015684971511544354e-01,3.504823415394118058e+01,-8.930436473380661155e+00
9.161655213240846862e-01,-5.961563232358547459e+00,-2.184183288401700951e-01,3.506072422558479929e+01,-8.230117779734790417e+00
9.174694387581385779e-01,-5.899904944432920573e+00,-2.363318678160434561e-01,3.508171958881329999e+01,-7.530793606680383334e+00
9.063586840638069297e-01,-5.834727795838532849e+00,-2.623424917907961063e-01,3.508435963748023312e+01,-6.832502227720564036e+00
9.023977722452787287e-01,-5.776088104590719752e+00,-2.982113513216677059e-01,3.508522029661097719e+01,-6.141083791567442773e+00
8.978171998366719642e-01,-5.716829513559368969e+00,-1.982973926268781495e-01,3.504436086550278873e+01,-5.433179922579356003e+00
8.966276940786999106e-01,-5.666948479673947325e+00,-8.097789245936522218e-02,3.500407299418990448e+01,-4.731621769764786656e+00
8.919618595908831438e-01,-5.599739164744855557e+00,-3.645284816992225285e-02,3.497536041051200328e+01,-4.038668142933803828e+00
8.856135529428831310e-01,-5.541777621852763680e+00,1.043053080606672067e-02,3.494508595688726160e+01,-3.340566458754003598e+00
8.836631331235678122e-01,-5.493888143727661877e+00,1.130125878615786672e-01,3.488880685650234881e+01,-2.633663901728059642e+00
8.879122512729398231e-01,-5.445690215538041556e+00,2.068352509728089983e-01,3.483344688498272745e+01,-1.939571020149794656e+00
8.999519010194275692e-01,-5.400342824437174727e+00,2.032513073364793088e-01,3.482042265714196105e+01,-1.242283714087985214e+00
8.931950085371853643e-01,-5.338592495424140161e+00,4.607501667420334929e-02,3.484701983268659120e+01,-5.496262811310796970e-01
9.002041483682030609e-01,-5.271375350430940188e+00,-1.121920030407967395e-01,3.487150419134464130e+01,1.560004640213747962e-01
9.069735781409099529e-01,-5.215114804124985959e+00,-1.101803541107090334e-01,3.484265658820235956e+01,8.471020121494371447e-01
9.055984109042152230e-01,-5.149803929552124515e+00,-1.084336713728415863e-01,3.481139722963133920e+01,1.549181992195793889e+00
8.975975629753084606e-01,-5.080630809078956034e+00,-1.434836077143630539e-01,3.479036773294652107e+01,2.241923359173656483e+00
8.855058889423567114e-01,-5.015508675046870479e+00,-1.674120312551098944e-01,3.476518360912426431e+01,2.944363326657839952e+00
8.886183912371189431e-01,-4.950962798112739982e+00,-1.030890317438476131e-03,3.467118343169521211e+01,3.631516767375242427e+00
8.941414689487084955e-01,-4.888647002146074172e+00,1.687599970216626388e-01,3.456641360697283005e+01,4.327002235429538324e+00
8.871612053756057215e-01,-4.826479165827032958e+00,1.301915024735357251e-01,3.453172304050752217e+01,5.009790102283235846e+00
8.936343001323195923e-01,-4.772694819274340361e+00,9.197100537230357142e-02,3.448452610757651371e+01,5.696713539112428393e+00
8.975816995304541912e-01,-4.706082834106665835e+00,1.244715410068796269e-01,3.442155085070447029e+01,6.380091163136131449e+00
9.064524617446300114e-01,-4.649994779133608702e+00,1.506417399698828097e-01,3.435841026094991690e+01,7.067723484623173569e+00
9.067288148694079286e-01,-4.584225578442480575e+00,7.873972446347030085e-02,3.432543017259970242e+01,7.761100195878907648e+00
9.112727647018592503e-01,-4.510597298045790460e+00,2.986227704277825447e-03,3.428262815155858334e+01,8.445618282868164073e+00
9.090354825951123541e-01,-4.450802042564610872e+00,-2.757733693369723155e-02,3.422951740424657174e+01,9.139374394198361173e+00
9.162048697426199428e-01,-4.376788639592650298e+00,-5.094476837529734320e-02,3.416445785797012036e+01,9.821363619188625549e+00
9.142810747930724125e-01,-4.314122406983730507e+00,-7.878512438038901000e-02,3.409359550549755369e+01,1.051370038225011605e+01
9.135286264980518878e-01,-4.244829424716658473e+00,-1.097006879566273380e-01,3.402134705591703323e+01,1.120216277704360053e+01
9.192754529668391017e-01,-4.174320763181412985e+00,-8.187163264591330869e-02,3.392357524536888036e+01,1.187456997489943866e+01
9.142719785580137870e-01,-4.103218017686720565e+00,-5.919099423060752985e-02,3.382288985010671922e+01,1.255870224509254562e+01
9.124124943793191500e-01,-4.042078830078040141e+00,-4.918234207249132239e-02,3.372743767156341477e+01,1.323040803373842245e+01
9.134301713524685118e-01,-3.973883633668664039e+00,-3.519838569465384703e-02,3.362461669668770270e+01,1.390779881748930791e+01
9.161696508435513975e-01,-3.909054241912053751e+00,-1.565166126810865754e-02,3.353354374904440505e+01,1.457586194761890575e+01
9.174481969842089857e-01,-3.830341508320591615e+00,-1.279858344914593452e-03,3.343539950953593376e+01,1.523942095728004453e+01
9.198220699640311526e-01,-3.751517995864940946e+00,-1.659220756317591680e-02,3.334097639639309563e+01,1.590596416911193067e+01
9.231107692415760901e-01,-3.677486330012363247e+00,-4.006961601782579874e-02,3.323753636484736518e+01,1.657223879659066768e+01
9.245806503872127102e-01,-3.614548110789835622e+00,-6.596206663601757170e-02,3.314154379624930868e+01,1.723317450815967078e+01
9.136952562256377419e-01,-3.532661647045544751e+00,-8.334387368801426943e-02,3.304488725414318395e+01,1.790016209669078506e+01
9.077524108604324571e-01,-3.462952852935164305e+00,-1.142709802905622352e-01,3.294673846817251217e+01,1.855131307345950020e+01
9.024887037349147434e-01,-3.393187333436922248e+00,2.794952322332699968e-02,3.277863273856143422e+01,1.921194960779906680e+01
9.126955373255910553e-01,-3.317817394128794284e+00,1.820760484616364971e-01,3.261338774006836161e+01,1.985900034321019803e+01
9.131580300423237651e-01,-3.246849209909078660e+00,1.766733682000899974e-01,3.249417441133749662e+01,2.050210688532667191e+01
9.216355545755655632e-01,-3.174836071850682284e+00,1.731289838604565534e-01,3.236991594596013044e+01,2.115565459437468476e+01
9.239288679255539538e-01,-3.104915366360211593e+00,1.315311821426511929e-01,3.226212635395960149e+01,2.180017572008534188e+01
9.329244592380175893e-01,-3.030367890106461015e+00,7.553513495198856120e-02,3.214256748557600929e+01,2.244917023889437857e+01
9.329390524143857943e-01,-2.958545669941353484e+00,3.495181867300816217e-03,3.203866639697086072e+01,2.308725788939863222e+01
9.309451626921865230e-01,-2.890935883888226421e+00,-6.150834852490098120e-02,3.193325785478477030e+01,2.373541387553835236e+01
9.287051933356986755e-01,-2.824021184889290659e+00,-3.000278375782725049e-02,3.178051365052920119e+01,2.437638222705660240e+01
9.233377665630915221e-01,-2.748778245221014327e+00,-1.179039314344072081e-02,3.162493180442547569e+01,2.500189418249835072e+01
9.249783929003019267e-01,-2.685043699655917493e+00,6.862057496604108409e-02,3.144751685358207638e+01,2.564001982522623990e+01
9.367020897033153659e-01,-2.620743936691191323e+00,1.446565768709108801e-01,3.127389211741074249e+01,2.626136026412445901e+01
9.330073420846183296e-01,-2.538353269164672632e+00,6.241915451803024817e-02,3.115833936981487895e+01,2.688700582921749671e+01
9.409593733178718278e-01,-2.464784850721330578e+00,-1.345005211101782221e-02,3.103575786526310409e+01,2.751130911835677750e+01
9.349788027996459583e-01,-2.382100879591114051e+00,-3.194231025600209606e-02,3.089333926211670800e+01,2.812348360339960962e+01
9.336549218274727835e-01,-2.303984371524081531e+00,-5.239225847090009380e-02,3.073139331301952382e+01,2.874128134638876020e+01
9.234708420536513751e-01,-2.235213754902195760e+00,2.040838351176183646e-02,3.054147893367731115e+01,2.934788229861797504e+01
9.200897371454028750e-01,-2.167158400764948922e+00,8.924130868271372419e-02,3.035121417601994409e+01,2.995946596325667954e+01
9.161666902635293708e-01,-2.104200832679700817e+00,2.106063038249328112e-01,3.013565344334044838e+01,3.056084633104893911e+01
9.256929325987356405e-01,-2.038661995978424013e+00,3.411944694966808633e-01,2.993214877676250651e+01,3.115972889062285844e+01
9.302513902201150486e-01,-1.978076377570221700e+00,3.320744284103539501e-01,2.977837591005590667e+01,3.175770185363781550e+01
9.334060366736384173e-01,-1.907084724468630643e+00,2.918740475126193057e-01,2.961358227206708449e+01,3.235451670507893596e+01
9.455802798521957264e-01,-1.835404407757357248e+00,2.581152024995693184e-01,2.945152537678193028e+01,3.293715181528961011e+01
9.471301717650213448e-01,-1.765771269106596097e+00,1.579383831676363370e-01,2.929943899256597462e+01,3.353084889557469239e+01
9.477535051228167529e-01,-1.684743185632293638e+00,6.807943382953365874e-02,2.914946843571076229e+01,3.411791902982324842e+01
9.496103462674814200e-01,-1.614207650446781717e+00,7.127867234282186937e-02,2.896251763208205787e+01,3.469972607262055675e+01
9.593214340146926089e-01,-1.530240823181816756e+00,7.709524262633443703e-02,2.877977869506760911e+01,3.527582499605023969e+01
9.634116215809884753e-01,-1.457029316794663076e+00,3.193200738338102668e-04,2.862515778050963888e+01,3.584726659196977749e+01
9.536153895073107289e-01,-1.375982784360068267e+00,-8.470899627395832299e-02,2.846818846942941761e+01,3.641887613802112611e+01
9.600207677553047603e-01,-1.306746158774919397e+00,-4.038800707803883588e-02,2.826274979147570221e+01,3.698563195556431538e+01
9.595071759774395082e-01,-1.230080084871457036e+00,2.053069164989369810e-02,2.804756703001785212e+01,3.754779922253507607e+01
9.557186171304750122e-01,-1.149013888641208903e+00,-2.132283451931980822e-02,2.786153115814131453e+01,3.811357138801493250e+01
9.642938876681352856e-01,-1.074322324877038382e+00,-6.492056122223477388e-02,2.767155455155145916e+01,3.867820957068872190e+01
9.552084600449093355e-01,-9.981149033086763600e-01,-9.372338906159387306e-02,2.748577622532141973e+01,3.922632574441478681e+01
9.559802881012399167e-01,-9.264263593690202914e-01,-1.310486091348980475e-01,2.727950759338872544e+01,3.977411754120826259e+01
9.525240872135676273e-01,-8.542066382177362360e-01,-6.661534677103372881e-02,2.704808543648878327e+01,4.032029353696768226e+01
9.426602479074166485e-01,-7.830086118290496833e-01,1.052585107864961386e-02,2.680532365566990904e+01,4.085859994048212940e+01
9.505448320606569856e-01,-7.131421608133209356e-01,1.351272755582914320e-01,2.655597723773035312e+01,4.138440824923600303e+01
9.579129765008166375e-01,-6.479316959561605138e-01,2.618319193948294155e-01,2.631131433932990049e+01,4.190584294835534251e+01
9.648520838251534171e-01,-5.761175242426064269e-01,1.774821073703052865e-01,2.612496720803730454e+01,4.243268648068592341e+01
9.595090007651244646e-01,-4.991384546936256106e-01,8.804447419302781352e-02,2.593030941437965708e+01,4.294896370673694008e+01
9.695580945291405461e-01,-4.180414375231796820e-01,8.879718494075780622e-02,2.570055629626011040e+01,4.346999281832772510e+01
9.760873278307402590e-01,-3.437640119833170749e-01,9.231038705192466665e-02,2.547134994343839764e+01,4.398431357061550528e+01
9.826768590762708921e-01,-2.676181916935718164e-01,-1.544450805334778541e-02,2.529242223768987330e+01,4.448606591732861659e+01
9.795309425494120870e-01,-1.941075825498727592e-01,-1.303807039673588741e-01,2.509322605099436032e+01,4.498471840502685382e+01
9.681339694940684915e-01,-1.140326227957466076e-01,-1.548164277760508967e-01,2.487210484444796066e+01,4.548327206347271101e+01
9.673316595921063188e-01,-3.271359756026367971e-02,2.838641377835184054e-02,2.457745013875658913e+01,4.598054711939951034e+01
9.735824353815338839e-01,4.033777595395211801e-02,2.011563762839283509e-01,2.429437921382382726e+01,4.646473906638956919e+01
9.774243986957465991e-01,1.186184203364261808e-01,1.742559565046380432e-01,2.407010322625705356e+01,4.695391844789055824e+01
9.876406076664970834e-01,1.915113204769926802e-01,1.520104845451500652e-01,2.383689277298764253e+01,4.743885896440978911e+01
9.977711517043745815e-01,2.752300239232774448e-01,4.878949236868621031e-02,2.362217686948180173e+01,4.790669014387485447e+01
1.000371494037237685e+00,3.491420997523836944e-01,-5.599303018321950126e-02,2.340318032359321165e+01,4.838395802124117040e+01
9.911398468439673870e-01,4.210122519822641074e-01,-1.527926146935730256e-01,2.319138591360920998e+01,4.884927278325943689e+01
9.916125119321612669e-01,4.972923105769002650e-01,-2.549473349544934542e-01,2.298348130247324406e+01,4.930104753876496915e+01
9.776703368487725809e-01,5.788605549215631862e-01,-1.889518532767004155e-01,2.271371372753248963e+01,4.976723352208925633e+01
9.782068784359000402e-01,6.491673864323611598e-01,-1.270652531572154520e-01,2.244212288880330775e+01,5.020916831582907491e+01
9.755113768520271567e-01,7.189283133767782052e-01,-2.514407475038984291e-02,2.215981585511148211e+01,5.064972406402898741e+01
9.823707539453310211e-01,7.993100415797896874e-01,8.095421621091640485e-02,2.187688776353965281e+01,5.108630256363807831e+01
9.923573809905109622e-01,8.722605356364566687e-01,6.950560672210524815e-02,2.162365842214946454e+01,5.151318084539808950e+01
9.970814131795580071e-01,9.462671443883052813e-01,6.167595368697565555e-02,2.138037884902648855e+01,5.193557436782079151e+01
9.956124265804219275e-01,1.028453596201382991e+00,-3.902631590106570708e-02,2.115408449999375051e+01,5.235447179967415821e+01
9.977514658278580084e-01,1.117656926196878064e+00,-1.331024438076015004e-01,2.091896228627247112e+01,5.277470450998330165e+01
9.863679193867447292e-01,1.205259321338889578e+00,-1.397697722886646621e-01,2.065915370067509826e+01,5.318566011881001998e+01
9.863356548916688560e-01,1.277364292321624628e+00,-1.336189067937922359e-01,2.038414920465096003e+01,5.360492323584085739e+01
9.885410878248276356e-01,1.347764466903840219e+00,-3.085424315856960531e-02,2.009464449401979635e+01,5.400583429746414765e+01
9.870524445571554617e-01,1.417387173867655781e+00,6.342638535114658582e-02,1.978955698006673103e+01,5.440473064091994360e+01
9.893509747076644212e-01,1.499364762996864942e+00,6.683525880146831688e-02,1.950653417640117482e+01,5.480035486520410615e+01
9.877609395401973913e-01,1.569726947369245451e+00,8.605346586516636476e-02,1.922590350588348684e+01,5.518453736773140861e+01
9.925774285895692106e-01,1.649053123527011167e+00,1.020012352302951397e-01,1.894574507977606004e+01,5.557206921356488749e+01
9.849125891542370725e-01,1.724977410727531302e+00,1.079506629153865332e-01,1.866883904407131922e+01,5.594057778484449983e+01
9.835381788517476576e-01,1.792307442648791938e+00,1.453562266281957505e-01,1.837487572546485737e+01,5.631667742352668427e+01
9.800921648113005702e-01,1.852798416235974743e+00,1.971580470252674022e-01,1.809255229408544707e+01,5.667946226445187108e+01
9.762517832227471937e-01,1.918705202064552529e+00,2.368840969436842303e-01,1.780842286846558764e+01,5.704726644676824776e+01
9.794293609138823298e-01,1.995015357878373585e+00,3.262957701595649573e-01,1.749464951996557005e+01,5.741071575904062030e+01
9.851231728095800610e-01,2.060323470527812617e+00,4.128936690179771385e-01,1.718016218012309793e+01,5.775837348609890398e+01
9.951116197185378986e-01,2.120741606150332359e+00,3.729259991236548721e-01,1.691482570323654144e+01,5.809073176901532065e+01
1.005499537870380156e+00,2.188696257709211501e+00,3.450285995229162017e-01,1.664644737387131457e+01,5.842474599391348988e+01
1.016455237836196623e+00,2.256589765043093276e+00,2.156428077291603906e-01,1.641256194664373780e+01,5.875025570803085628e+01
1.018933367291505077e+00,2.323126111394839377e+00,9.054157293195000400e-02,1.617376401744993686e+01,5.907993021798937860e+01
1.009917760084004357e+00,2.389012977391432369e+00,-4.013466775024659289e-04,1.591937840441259944e+01,5.939730428658173622e+01
9.994662051476244091e-01,2.466332237413780604e+00,-1.047104133229254386e-01,1.566277057835479702e+01,5.971324941592489211e+01
1.000255747330583977e+00,2.529504198396416381e+00,5.423194944251031463e-02,1.532614636363510918e+01,6.002850676412270303e+01
9.994958568427181334e-01,2.598865361959095566e+00,2.133345939514318390e-01,1.497906621098703894e+01,6.032884289468234584e+01
9.944290575587582115e-01,2.658394594050335513e+00,2.328744730117205120e-01,1.469112913198937598e+01,6.063542735615123291e+01
9.960850555477908097e-01,2.724003317328900220e+00,2.526105411954219226e-01,1.438790859011926138e+01,6.091917930006683690e+01
9.957561888758398316e-01,2.785647408019559013e+00,3.016178039057818006e-01,1.407527288075561955e+01,6.119672112674494713e+01
1.006869574658715738e+00,2.847435858267467257e+00,3.543276939305193829e-01,1.377597328672155541e+01,6.148042231657872492e+01
1.023162117817564942e+00,2.908311708666169171e+00,3.010795026988914991e-01,1.350326581144297933e+01,6.176065308843509882e+01
1.026892668344121518e+00,2.969143427780345679e+00,2.352660361056910232e-01,1.323466814145289838e+01,6.203263962288138345e+01
1.038451607172804492e+00,3.038991318779781459e+00,9.301127043355848778e-02,1.299108866931114825e+01,6.229445558025752661e+01
1.032792158647389158e+00,3.107106687131235834e+00,-4.242873753828987904e-02,1.274242404368994386e+01,6.255691890476683170e+01
1.038961377809111131e+00,3.185772280206595308e+00,-8.140401041857811548e-02,1.245283091374182938e+01,6.280750378486673924e+01
1.027671015806183696e+00,3.257596095457329977e+00,-1.226386675675671251e-01,1.217150267526579910e+01,6.306197408142021743e+01
1.023941801299510956e+00,3.327693429623816979e+00,-8.948307511401616676e-02,1.185297541024217871e+01,6.330064857396470757e+01
1.020601215280341867e+00,3.389474299118082623e+00,-4.297590868902202710e-02,1.154440969852955945e+01,6.353516571746146013e+01
1.015274769170731783e+00,3.453861167879230365e+00,2.653241087221511196e-02,1.121329258733305601e+01,6.376866053605077411e+01
1.026342752703023775e+00,3.524295644976300768e+00,1.195632916106066507e-01,1.088114433474804876e+01,6.398109742220804463e+01
1.038290675706062371e+00,3.593598390482953597e+00,2.255605563080329834e-01,1.054863924404797082e+01,6.420165414262449133e+01
1.049758733574253089e+00,3.658819390568889052e+00,5.577623804527981344e-02,1.030210092747179651e+01,6.440433202338765284e+01
1.045612586380586517e+00,3.724608666064666895e+00,-1.051482099241645568e-01,1.003691606527874391e+01,6.461597179664323676e+01
1.038190633566690391e+00,3.800042074925769509e+00,-1.587566232361384833e-01,9.736432317158845606e+00,6.480520723815672568e+01
1.041403028556596722e+00,3.860635932257345804e+00,-2.150765803049644043e-01,9.443492224146030622e+00,6.499949313586265021e+01
1.031103674122592739e+00,3.920337084678098716e+00,-1.877981769033831849e-01,9.125544469612108855e+00,6.518554679154034659e+01
1.029006164942726453e+00,3.983718797801961919e+00,-1.605716894817041107e-01,8.793267920497561008e+00,6.537280150218118990e+01
1.034803988710428335e+00,4.050144811016669344e+00,-5.691347884397233298e-02,8.438716663127156181e+00,6.555100902139035668e+01
1.027681278460464753e+00,4.117298187713791968e+00,5.453592144006919745e-02,8.094884743436056240e+00,6.571523296299355366e+01
1.021056571059823614e+00,4.180354448425283920e+00,8.231089562564655737e-02,7.768338090652279426e+00,6.587242134602786336e+01
1.019165763023889060e+00,4.235737065909124688e+00,1.100323439791856817e-01,7.448851395298644817e+00,6.601557307420695508e+01
1.031036122005409617e+00,4.302924969097200680e+00,2.047145909181655732e-01,7.115363365158121844e+00,6.616155720937716467e+01
1.038915379754032031e+00,4.368473256823929951e+00,2.843921896427465401e-01,6.769352436638752302e+00,6.629446256988842379e+01
1.042820749160657590e+00,4.426729027223252899e+00,1.525936736821526529e-01,6.501450177991780599e+00,6.643383946359949732e+01
1.041535600610207002e+00,4.479210588446284724e+00,2.157628491574116458e-02,6.221729348328831399e+00,6.656514347151433242e+01
1.042931001534036506e+00,4.548486910934022909e+00,2.173465520714263494e-02,5.917668168599019118e+00,6.668854241969170005e+01
1.039757907066199527e+00,4.617776715129314979e+00,1.820515222680624268e-02,5.607890867534296220e+00,6.681089354308483053e+01
1.036878466740059235e+00,4.666994942393192680e+00,5.347674013837043494e-02,5.278434323467709355e+00,6.692073177986719656e+01
1.039735565955448360e+00,4.726818740339774116e+00,7.759260067836133701e-02,4.956855790994801225e+00,6.701378904789699220e+01
1.031990368341865416e+00,4.791735532287536792e+00,9.485113474200164430e-02,4.636255706685263434e+00,6.710846182394803350e+01
1.026078395672640697e+00,4.847981352404877597e+00,1.155265597427185403e-01,4.312964055832766874e+00,6.720553840915900423e+01
1.039413228009032242e+00,4.898401982398003618e+00,2.361404346394839482e-01,3.958249390774225329e+00,6.729125546551389903e+01
1.052738945620254718e+00,4.942177532527050943e+00,3.586198748570668116e-01,3.606593807326079926e+00,6.737267016219530547e+01
1.064010110609541426e+00,5.004729426317173768e+00,1.697816625558206949e-01,3.356683974605041421e+00,6.744478204767290208e+01
1.058237833586154419e+00,5.054587419435286222e+00,-2.273029293695334740e-03,3.088601990576542722e+00,6.751755814949081014e+01
1.047063373435930478e+00,5.111435141514935943e+00,-1.624929624065722944e-01,2.821106758070146103e+00,6.757099536556023622e+01
1.038460438381902495e+00,5.170768091337238914e+00,-2.281507253232243487e-02,2.461735494844442762e+00,6.761741024707154679e+01
1.031310295262584331e+00,5.217106632458156312e+00,1.072114901649702384e-01,2.099550909717804892e+00,6.767025060071020448e+01
1.031483210263484107e+00,5.257586404597829777e+00,2.415653703249664996e-01,1.739352712568026593e+00,6.770365498614766864e+01
1.039373604185138245e+00,5.311779882880932391e+00,3.912377500767950655e-01,1.368783745258012718e+00,6.772558859130060682e+01
1.045033130017297696e+00,5.351546604633890425e+00,3.648237041938358627e-01,1.074293683062463867e+00,6.774813307725051459e+01
1.046387595536625748e+00,5.389728782935324425e+00,3.297203674382266914e-01,7.649375347027667083e-01,6.776071711549329279e+01
1.051006112061884545e+00,5.441646222364217245e+00,2.920414008653621218e-01,4.555624242358478626e-01,6.778333614750418690e+01
1.054040225258625618e+00,5.489355333005053517e+00,2.645276542359548122e-01,1.465667462066805038e-01,6.779056703628205582e+01
1.052208766986355792e+00,5.537156912647432705e+00,2.327032017597139013e-01,-1.506368761047439109e-01,6.779872508149020405e+01
1.047695550452945712e+00,5.583813415241051459e+00,1.942605770416402367e-01,-4.590552637148134774e-01,6.779272751571956235e+01
1.044866067202481874e+00,5.627032047936676662e+00,-2.969753762050706541e-02,-7.097674537017245600e-01,6.777620344078064818e+01
1.038438474286615731e+00,5.673854782305840061e+00,-2.458335715459858128e-01,-9.653906121585843492e-01,6.776369811093422868e+01
1.042052802133499378e+00,5.721550477433288151e+00,-3.463611210225918668e-01,-1.256816887476905675e+00,6.773502698026750579e+01
1.042165202735872542e+00,5.769765452005462869e+00,-4.447105996982193554e-01,-1.545399123727408952e+00,6.771362092403020938e+01
1.040023184057343952e+00,5.835001489495311944e+00,-6.240842495616616414e-01,-1.804206059837873077e+00,6.767033037182906696e+01
1.015707952097764988e+00,5.893448148335744818e+00,-8.165582675865565854e-01,-2.067307319675678823e+00,6.762875910182337691e+01
1.009549428474789012e+00,5.945564032227548701e+00,-7.546073670266286726e-01,-2.414381233106166480e+00,6.758002327479735527e+01
9.917865496749758147e-01,5.996564316275866169e+00,-6.865366359222523363e-01,-2.748337211020898785e+00,6.752584783923768441e+01
9.816189446236727179e-01,6.054003029823936899e+00,-6.132133553233318768e-01,-3.083994157030325312e+00,6.747249390440134675e+01
9.644910440709965060e-01,6.100541151053823441e+00,-5.476767643968871724e-01,-3.433558894286843799e+00,6.739816795448021480e+01
9.500710113225104836e-01,6.150311800571128806e+00,-4.317902314698712218e-01,-3.786620738239554473e+00,6.731660151683369975e+01
9.359331681319253970e-01,6.202733223427596698e+00,-3.241708624416597129e-01,-4.133716751531674838e+00,6.723201042719465192e+01
9.244451628864572834e-01,6.254915104578199880e+00,-1.646341953918976364e-01,-4.497255592662372514e+00,6.715231930609311917e+01
9.207535268379457571e-01,6.306093314142505513e+00,-1.386540448185603729e-02,-4.857892177213556373e+00,6.704870477760205461e+01
9.271629860978658488e-01,6.347877107055216683e+00,5.074644383565741351e-02,-5.193029469585959568e+00,6.695278463838523919e+01
9.337385947251334306e-01,6.393876933576484234e+00,1.244254918280702504e-01,-5.534092099939985410e+00,6.685202320226763106e+01
9.308476106983661902e-01,6.443940741034153596e+00,-5.830247561828186612e-03,-5.793411836154782613e+00,6.674459322822352192e+01
9.312721913253610984e-01,6.484120840304861133e+00,-1.765313056784818466e-02,-6.098651835257093978e+00,6.662943392612741889e+01
9.315860162939283429e-01,6.515507682908201481e+00,-2.664895260454985815e-02,-6.415185529947802223e+00,6.650380790250618190e+01
9.328390599490823387e-01,6.551093307579962222e+00,-8.291383996708040494e-02,-6.710293199430769739e+00,6.637611178766697151e+01
9.396138069870265674e-01,6.584287045136622218e+00,-1.272187917362794796e-01,-7.005653784337017242e+00,6.622922264120563796e+01
9.358077279117398284e-01,6.629837990371428624e+00,-2.329767758786576715e-01,-7.284660299750144397e+00,6.609553223460306981e+01
9.260587467414207463e-01,6.676811336915575268e+00,-3.372278960389719638e-01,-7.566335290572309802e+00,6.595541054539154402e+01
9.236770649228590591e-01,6.724825515296177336e+00,-2.782196398760079514e-01,-7.890520929044020804e+00,6.580186626465638255e+01
9.200703772298876038e-01,6.770215440429052656e+00,-2.142201143619957282e-01,-8.217548340393230788e+00,6.563125061842011121e+01
9.258542240006385482e-01,6.811229710272843185e+00,-2.018902302049634667e-01,-8.535694754903042636e+00,6.545448139640174645e+01
9.152725645220930462e-01,6.849658107630640203e+00,-1.818884028807652431e-01,-8.851821288836511314e+00,6.529000193641331862e+01
9.116003111385178048e-01,6.896304154189436098e+00,-1.714366968696468263e-01,-9.155510468742065200e+00,6.510473416303058514e+01
9.098485380140169942e-01,6.922670493053363572e+00,-1.620729187098418900e-01,-9.466465049763911566e+00,6.491902748254683786e+01
8.978991659459927277e-01,6.966504129397468326e+00,-1.372876439829473494e-01,-9.772557635250556984e+00,6.471670833285607216e+01
9.030921653844271590e-01,7.009915706176179206e+00,-1.208637904021426096e-01,-1.007927260120510837e+01,6.452748747681255281e+01
9.060658682823317100e-01,7.047990517649222575e+00,-7.729823805749913568e-02,-1.038830856634319311e+01,6.432611278025602530e+01
8.961815220019396788e-01,7.085373919944858656e+00,-4.188019878942620539e-02,-1.071032279331821258e+01,6.412331079995485084e+01
8.877020093263617850e-01,7.110068394789930579e+00,-1.915694984062040959e-03,-1.102840924704540271e+01,6.390906727252059483e+01
8.974334809910313737e-01,7.133054485289110680e+00,5.265996218480036017e-02,-1.135228212150097171e+01,6.368271833362641132e+01
8.965996181197134485e-01,7.162281523800793970e+00,5.003732885279042752e-02,-1.165428721813232471e+01,6.344769946909953973e+01
8.971021512154671029e-01,7.194503769610423483e+00,3.549776991956652555e-02,-1.195874729824607563e+01,6.320268072458143394e+01
8.942455807086876485e-01,7.228122417181075399e+00,3.456111330848277152e-02,-1.226612783906943349e+01,6.296135515756536449e+01
8.853204101719032160e-01,7.249171381861502894e+00,3.439848721187130365e-02,-1.256173972703164132e+01,6.270854843527866507e+01
8.941682990520269936e-01,7.272647110285363148e+00,1.250128746044434080e-01,-1.288325696293214051e+01,6.245118935480094535e+01
8.961963883606277603e-01,7.298796858955234335e+00,2.268134019662461642e-01,-1.320001409656209646e+01,6.219965808089498438e+01
9.098111389718342989e-01,7.322632820292700906e+00,1.468808125045245605e-01,-1.346957519867901709e+01,6.192381136535642128e+01
9.206534138420618962e-01,7.351281169680150995e+00,-4.468888907304528757e-02,-1.369889051749808928e+01,6.164381010052025545e+01
9.098095283733592664e-01,7.382027168531207550e+00,-2.243257859325649695e-01,-1.392335516144378893e+01,6.136395006965645393e+01
9.019474005295755603e-01,7.399485274031454729e+00,-2.341222920256268991e-01,-1.421610868986112663e+01,6.108998913983449341e+01
9.069000804909159719e-01,7.420188750843405678e+00,-2.468059821575799839e-01,-1.450808258653386318e+01,6.081016970856648385e+01
9.093743009948793699e-01,7.447317681644876508e+00,-2.337891249464257304e-01,-1.480428046878057380e+01,6.050972969953084402e+01
9.056615836795844920e-01,7.468778311477775489e+00,-2.244117490408069349e-01,-1.510220301129360898e+01,6.021128446244376420e+01
9.044020378781130187e-01,7.498773570124276588e+00,-2.199541038038352325e-01,-1.539761569193102986e+01,5.989782701149560040e+01
9.021645671760271101e-01,7.529583475691811856e+00,-2.099161875147603495e-01,-1.567657197612976638e+01,5.959624650005228119e+01
9.079714537940590802e-01,7.543365914947941064e+00,-1.904605428296834713e-01,-1.596437131970714951e+01,5.928671224165150733e+01
9.009733059104093611e-01,7.572333183896322595e+00,-1.633171818964199995e-01,-1.624638582201474790e+01,5.896239983358606906e+01
9.075530209275500804e-01,7.598600621712320979e+00,-1.502179930267727725e-01,-1.653087844085218805e+01,5.863890886162747051e+01
9.095485731788116590e-01,7.621695871894522689e+00,-1.403958275350691287e-01,-1.680443024893230231e+01,5.829646851064907054e+01
9.064640236904952797e-01,7.636749338575684831e+00,-2.046583282866706321e-01,-1.706015893999480681e+01,5.795052930862560459e+01
9.066488012790295814e-01,7.660569042554333130e+00,-2.614961048698125623e-01,-1.732031478014184600e+01,5.761147489845215119e+01
9.026285302018571821e-01,7.676282542311594348e+00,-2.432281568068774824e-01,-1.761131917677026948e+01,5.725303558483597755e+01
8.984854402172365306e-01,7.698623726403988066e+00,-2.232571259608707170e-01,-1.790020113304425564e+01,5.690422861586175429e+01
8.976236558516409447e-01,7.716599284826718197e+00,-1.484833743317157118e-01,-1.819181861938630718e+01,5.654698029381056301e+01
8.927038808835240369e-01,7.738098785890870523e+00,-8.504702221928182870e-02,-1.848404646195258039e+01,5.618050490967910804e+01
9.014818048408510531e-01,7.755152764652641473e+00,-2.025222428610260611e-02,-1.877032918138597495e+01,5.580221373566055831e+01
9.033162912842931380e-01,7.764466702341268345e+00,4.539178745031539897e-02,-1.904916709461895508e+01,5.541506876422041472e+01
9.129489237650624256e-01,7.765003635793654269e+00,-3.061611941696984474e-02,-1.928859901995861392e+01,5.503570223895358282e+01
9.129691054189498223e-01,7.775427904222655506e+00,-8.911442562108706777e-02,-1.952582533163037581e+01,5.464596002058154056e+01
9.086125506521283146e-01,7.791089640250397963e+00,-1.686927040345331252e-01,-1.976484413296628162e+01,5.424443999830468499e+01
9.127877975782127118e-01,7.809524887325441256e+00,-2.412523245485259649e-01,-1.999357832473356211e+01,5.383967150235476851e+01
9.022822789126488940e-01,7.829427738603992104e+00,-2.366914763801792609e-01,-2.024750171225868556e+01,5.342870292259770792e+01
9.057826069506088595e-01,7.839195177778238488e+00,-7.660015370055613115e-02,-2.055317865346200890e+01,5.301624443094252825e+01
9.084416330621244429e-01,7.847416846351402242e+00,8.650781582345708209e-02,-2.086529831881064823e+01,5.260037718030864795e+01
9.037134366645680483e-01,7.841167708488560706e+00,4.908079313116266856e-02,-2.109310066783162085e+01,5.218128170767268159e+01
9.055584109624760236e-01,7.852844444319122097e+00,8.108261503509395923e-03,-2.132584728103695326e+01,5.175615317384331604e+01
9.084764093082445813e-01,7.845243907185940557e+00,3.880296754198848258e-02,-2.157278174180835961e+01,5.133666230587901680e+01
9.056703316595098308e-01,7.851034161693076108e+00,6.945577542988767838e-02,-2.182120586350284697e+01,5.089411770888243325e+01
9.020316907945983287e-01,7.856394371821684430e+00,7.558988364676949567e-02,-2.205966132964509896e+01,5.045159468139493697e+01
9.066314936643333766e-01,7.857110297116802755e+00,8.218398689850342498e-02,-2.229223910416787646e+01,5.000192799462728033e+01
9.161832817324276901e-01,7.848260636151167979e+00,8.643013235169794140e-02,-2.253327786577455782e+01,4.954762483366801717e+01
9.238045929953725421e-01,7.846789962354118408e+00,8.129626056980442106e-02,-2.276862596408025752e+01,4.910098562205928374e+01
9.200034365317447671e-01,7.843639220305842485e+00,-4.288481483151065227e-02,-2.296622198881336629e+01,4.865180638914504385e+01
9.188532968293958714e-01,7.840879188005409617e+00,-1.790982374006934719e-01,-2.314689648880558437e+01,4.818206872419426645e+01
9.101905263929779277e-01,7.830560432343099286e+00,-1.486948388684050382e-01,-2.337695287280531886e+01,4.771983650752150652e+01
9.127148844289300067e-01,7.837294393046497554e+00,-1.107534141692864266e-01,-2.362040387292768528e+01,4.724917456634510415e+01
9.201250380723643429e-01,7.841311299296676474e+00,-5.799662985316435954e-02,-2.385508610620663106e+01,4.677396615978807404e+01
9.274392692493611534e-01,7.835357196504198818e+00,-1.288380166536316936e-02,-2.409974818653114070e+01,4.628593800795442803e+01
9.330864666472300506e-01,7.839559315432030218e+00,-1.218354201196045344e-01,-2.428760603441962829e+01,4.580618244970499831e+01
9.251484892391724779e-01,7.831884794083296519e+00,-2.367380041823185788e-01,-2.447311648743104584e+01,4.532268936367910328e+01
9.263058316425647476e-01,7.832785683329602122e+00,-2.309893825512949750e-01,-2.468150178505370818e+01,4.483045290707812569e+01
9.315778465359380034e-01,7.822617039653609439e+00,-2.174199943333106066e-01,-2.489586996734318092e+01,4.432714027693926795e+01
9.315926025257385001e-01,7.823646728034278297e+00,-2.682962326978151624e-01,-2.508897294775315956e+01,4.381997037966595343e+01
9.193036824282277975e-01,7.826974332916247334e+00,-3.288156438965054162e-01,-2.528050065394523926e+01,4.331123238538831544e+01
9.104002655319993753e-01,7.828275572608548671e+00,-2.463347227775006809e-01,-2.551207629786561171e+01,4.280546881619844868e+01
9.161543138446026635e-01,7.826449927108892091e+00,-1.625792791166777163e-01,-2.574896694454729484e+01,4.228535293268236472e+01
9.047559839478038768e-01,7.823528870199443652e+00,-1.307850316520658696e-01,-2.594987306482738987e+01,4.177678009234415413e+01
8.963805846618790873e-01,7.816664337613759450e+00,3.658653877092699069e-02,-2.620722649164864748e+01,4.126325224418549453e+01
8.925288772784628621e-01,7.791086395804581954e+00,2.085423139521710434e-01,-2.645859487472517202e+01,4.073583271895237345e+01
8.954535882982593842e-01,7.777234586595638710e+00,3.244000767387286710e-01,-2.668280802389984885e+01,4.021006665022765247e+01
9.086734737528393557e-01,7.748669945688064331e+00,4.300758084873183562e-01,-2.690162826393839168e+01,3.968395103082076503e+01
9.135639546028724300e-01,7.732887335671200901e+00,3.158631537380229282e-01,-2.704688719282340514e+01,3.915221071707409806e+01
9.109393535611310933e-01,7.715731655970399672e+00,2.038831177186464783e-01,-2.718378802151607587e+01,3.861960727549240602e+01
9.090438533581743918e-01,7.689363296244469126e+00,1.902798117991704729e-01,-2.736115772803910318e+01,3.807030148834245153e+01
